"","Kingdom","Phylum","Class","Order","Family","Rank6","Rank7","Genus","Species","Rank5","Rank3","Rank4","Rank2"
"1057116","Bacteria","Bacteroidetes","Cytophagia","Cytophagales","Cytophagaceae",NA,NA,NA,NA,NA,NA,NA,NA
"574835","Archaea","Euryarchaeota","Halobacteria","Halobacteriales","Halobacteriaceae",NA,NA,NA,NA,NA,NA,NA,NA
"178178","Bacteria","Cyanobacteria","Nostocophycideae","Nostocales","Nostocaceae",NA,NA,NA,NA,NA,NA,NA,NA
"4377518","Bacteria","Proteobacteria","Betaproteobacteria","Rhodocyclales","Rhodocyclaceae",NA,NA,NA,NA,NA,NA,NA,NA
"4446320","Bacteria","Firmicutes","Clostridia","Clostridiales","Clostridiaceae",NA,NA,NA,NA,NA,NA,NA,NA
"4409730","Bacteria","Firmicutes","Clostridia","Clostridiales","Peptostreptococcaceae",NA,NA,NA,NA,NA,NA,NA,NA
"2829179","Bacteria","Firmicutes","Clostridia","Clostridiales","Veillonellaceae",NA,NA,NA,NA,NA,NA,NA,NA
"710275","Bacteria","Proteobacteria","Gammaproteobacteria","HTCC2188","HTCC2089",NA,NA,NA,NA,NA,NA,NA,NA
"4395020","Bacteria","Actinobacteria","Actinobacteria","Actinomycetales","Bogoriellaceae",NA,NA,NA,NA,NA,NA,NA,NA
"155243","Bacteria","Acidobacteria","DA052","Ellin6513",NA,NA,NA,NA,NA,NA,NA,NA,NA
"191975","Bacteria","Firmicutes","Clostridia","Clostridiales","Eubacteriaceae",NA,NA,NA,NA,NA,NA,NA,NA
"4462845","Bacteria","Bacteroidetes","Bacteroidia","Bacteroidales","SB-1",NA,NA,NA,NA,NA,NA,NA,NA
"1003668","Bacteria","Planctomycetes","Phycisphaerae","WD2101",NA,NA,NA,NA,NA,NA,NA,NA,NA
"4311620","Bacteria","Firmicutes","Clostridia","Clostridiales","EtOH8",NA,NA,NA,NA,NA,NA,NA,NA
"839282","Bacteria","Firmicutes","Bacilli","Lactobacillales","Leuconostocaceae",NA,NA,NA,NA,NA,NA,NA,NA
"128300","Bacteria","Firmicutes","Bacilli","Lactobacillales","Lactobacillaceae",NA,NA,NA,NA,NA,NA,NA,NA
"1065051","Bacteria","Actinobacteria","Thermoleophilia","Solirubrobacterales",NA,NA,NA,NA,NA,NA,NA,NA,NA
"2500552","Bacteria","Actinobacteria","Actinobacteria","Actinomycetales","Beutenbergiaceae",NA,NA,NA,NA,NA,NA,NA,NA
"776622","Bacteria","Firmicutes","Clostridia","Thermoanaerobacterales","Caldicellulosiruptoraceae",NA,NA,NA,NA,NA,NA,NA,NA
"274011","Bacteria","[Thermi]","Deinococci","Deinococcales","Trueperaceae",NA,NA,NA,NA,NA,NA,NA,NA
"4325519","Bacteria","Actinobacteria","Actinobacteria","Actinomycetales","Geodermatophilaceae",NA,NA,NA,NA,NA,NA,NA,NA
"4469481","Bacteria","Proteobacteria","Alphaproteobacteria","Sphingomonadales","Sphingomonadaceae",NA,NA,NA,NA,NA,NA,NA,NA
"4399488","Bacteria","Proteobacteria","Gammaproteobacteria","Alteromonadales","Idiomarinaceae",NA,NA,NA,NA,NA,NA,NA,NA
"836693","Bacteria","Firmicutes","Clostridia","SHA-98",NA,NA,NA,NA,NA,NA,NA,NA,NA
"247643","Bacteria","BRC1","PRR-11",NA,NA,NA,NA,NA,NA,NA,NA,NA,NA
"4393962","Bacteria","TM7","TM7-3",NA,NA,NA,NA,NA,NA,NA,NA,NA,NA
"512674","Bacteria","Verrucomicrobia","[Spartobacteria]","[Chthoniobacterales]","[Chthoniobacteraceae]",NA,NA,NA,NA,NA,NA,NA,NA
"3232988","Bacteria","Tenericutes","RF3","ML615J-28",NA,NA,NA,NA,NA,NA,NA,NA,NA
"4390091","Bacteria","Proteobacteria","Gammaproteobacteria","Alteromonadales","J115",NA,NA,NA,NA,NA,NA,NA,NA
"972343","Bacteria","Actinobacteria","Actinobacteria","Actinomycetales","Nakamurellaceae",NA,NA,NA,NA,NA,NA,NA,NA
"662915","Bacteria","Proteobacteria","Alphaproteobacteria","Rhizobiales","Aurantimonadaceae",NA,NA,NA,NA,NA,NA,NA,NA
"4432889","Bacteria","Actinobacteria","Actinobacteria","Actinomycetales","Intrasporangiaceae",NA,NA,NA,NA,NA,NA,NA,NA
"4452489","Bacteria","Proteobacteria","Gammaproteobacteria","Vibrionales","Vibrionaceae",NA,NA,NA,NA,NA,NA,NA,NA
"1000986","Bacteria","Actinobacteria","Actinobacteria","Actinomycetales","Corynebacteriaceae",NA,NA,NA,NA,NA,NA,NA,NA
"4425255","Bacteria","Firmicutes","Clostridia","Clostridiales","Syntrophomonadaceae",NA,NA,NA,NA,NA,NA,NA,NA
"4476877","Bacteria","Bacteroidetes","Bacteroidia","Bacteroidales","[Odoribacteraceae]",NA,NA,NA,NA,NA,NA,NA,NA
"4361146","Bacteria","Proteobacteria","Deltaproteobacteria","Myxococcales","Haliangiaceae",NA,NA,NA,NA,NA,NA,NA,NA
"137866","Bacteria","Chloroflexi","Thermomicrobia","JG30-KF-CM45",NA,NA,NA,NA,NA,NA,NA,NA,NA
"4446053","Bacteria","Proteobacteria","Alphaproteobacteria",NA,NA,NA,NA,NA,NA,NA,NA,NA,NA
"841635","Bacteria","Proteobacteria","Betaproteobacteria","Burkholderiales","Alcaligenaceae",NA,NA,NA,NA,NA,NA,NA,NA
"782042","Archaea","Euryarchaeota","Thermoplasmata","E2","[Methanomassiliicoccaceae]",NA,NA,NA,NA,NA,NA,NA,NA
"1134896","Bacteria","Actinobacteria","Actinobacteria","Actinomycetales","Brevibacteriaceae",NA,NA,NA,NA,NA,NA,NA,NA
"2937207","Bacteria","Deferribacteres","Deferribacteres","Deferribacterales","Deferribacteraceae",NA,NA,NA,NA,NA,NA,NA,NA
"1111900","Bacteria","Spirochaetes","Spirochaetes","Spirochaetales","Spirochaetaceae",NA,NA,NA,NA,NA,NA,NA,NA
"807538","Bacteria","Acidobacteria","Acidobacteria-6","iii1-15","RB40",NA,NA,NA,NA,NA,NA,NA,NA
"4378167","Bacteria","Proteobacteria","Gammaproteobacteria","Alteromonadales","Shewanellaceae",NA,NA,NA,NA,NA,NA,NA,NA
"112194","Bacteria","Proteobacteria","Alphaproteobacteria","Rickettsiales","Rickettsiaceae",NA,NA,NA,NA,NA,NA,NA,NA
"4360812","Bacteria","Proteobacteria","Alphaproteobacteria","Rhizobiales","Rhodobiaceae",NA,NA,NA,NA,NA,NA,NA,NA
"540668","Bacteria","Actinobacteria","Acidimicrobiia","Acidimicrobiales","Microthrixaceae",NA,NA,NA,NA,NA,NA,NA,NA
"646557","Bacteria","Proteobacteria","Alphaproteobacteria","Rickettsiales","Pelagibacteraceae",NA,NA,NA,NA,NA,NA,NA,NA
"643857","Bacteria","Proteobacteria","Gammaproteobacteria","Salinisphaerales","Salinisphaeraceae",NA,NA,NA,NA,NA,NA,NA,NA
"185593","Bacteria","Tenericutes","Mollicutes","Anaeroplasmatales","Anaeroplasmataceae",NA,NA,NA,NA,NA,NA,NA,NA
"113054","Bacteria","Chloroflexi","Ellin6529",NA,NA,NA,NA,NA,NA,NA,NA,NA,NA
"185100","Bacteria","Proteobacteria","Deltaproteobacteria","Bdellovibrionales","Bacteriovoracaceae",NA,NA,NA,NA,NA,NA,NA,NA
"4264281","Bacteria","Actinobacteria","Actinobacteria","Actinomycetales","Nocardiopsaceae",NA,NA,NA,NA,NA,NA,NA,NA
"4306262","Bacteria","Verrucomicrobia","Verrucomicrobiae","Verrucomicrobiales","Verrucomicrobiaceae",NA,NA,NA,NA,NA,NA,NA,NA
"289883","Bacteria","Firmicutes","Bacilli","Bacillales","Bacillaceae",NA,NA,NA,NA,NA,NA,NA,NA
"4393181","Bacteria","Tenericutes","Mollicutes","Mycoplasmatales","Mycoplasmataceae",NA,NA,NA,NA,NA,NA,NA,NA
"121873","Bacteria","Firmicutes","Clostridia","Clostridiales","Dehalobacteriaceae",NA,NA,NA,NA,NA,NA,NA,NA
"4443138","Bacteria","Proteobacteria","Gammaproteobacteria","Alteromonadales","Alteromonadaceae",NA,NA,NA,NA,NA,NA,NA,NA
"4450215","Bacteria","Proteobacteria","Zetaproteobacteria","Mariprofundales","Mariprofundaceae",NA,NA,NA,NA,NA,NA,NA,NA
"4347159","Bacteria","Actinobacteria","Actinobacteria","Bifidobacteriales","Bifidobacteriaceae",NA,NA,NA,NA,NA,NA,NA,NA
"575533","Bacteria","Actinobacteria","Acidimicrobiia","Acidimicrobiales",NA,NA,NA,NA,NA,NA,NA,NA,NA
"4430475","Bacteria","Proteobacteria","Gammaproteobacteria","Vibrionales","Pseudoalteromonadaceae",NA,NA,NA,NA,NA,NA,NA,NA
"334459","Bacteria","Proteobacteria","Betaproteobacteria","Burkholderiales",NA,NA,NA,NA,NA,NA,NA,NA,NA
"403359","Bacteria","Gemmatimonadetes","Gemmatimonadetes","Gemmatimonadales",NA,NA,NA,NA,NA,NA,NA,NA,NA
"12574","Bacteria","Actinobacteria","Actinobacteria","Actinomycetales","Actinomycetaceae",NA,NA,NA,NA,NA,NA,NA,NA
"777467","Bacteria","Actinobacteria","Actinobacteria","Actinomycetales","Dermatophilaceae",NA,NA,NA,NA,NA,NA,NA,NA
"151886","Bacteria","Proteobacteria","Alphaproteobacteria","Rhodobacterales","Hyphomonadaceae",NA,NA,NA,NA,NA,NA,NA,NA
"4212795","Bacteria","Proteobacteria","Alphaproteobacteria","Rhizobiales","Bartonellaceae",NA,NA,NA,NA,NA,NA,NA,NA
"4436552","Bacteria","Bacteroidetes","Bacteroidia","Bacteroidales","Prevotellaceae",NA,NA,NA,NA,NA,NA,NA,NA
"527642","Bacteria","Proteobacteria","Deltaproteobacteria","MIZ46",NA,NA,NA,NA,NA,NA,NA,NA,NA
"718335","Bacteria","Actinobacteria","Acidimicrobiia","Acidimicrobiales","C111",NA,NA,NA,NA,NA,NA,NA,NA
"4364838","Bacteria","Proteobacteria","Alphaproteobacteria","Rhodospirillales","Rhodospirillaceae",NA,NA,NA,NA,NA,NA,NA,NA
"3991527","Bacteria","Firmicutes","Bacilli","Bacillales","Alicyclobacillaceae",NA,NA,NA,NA,NA,NA,NA,NA
"290455","Bacteria","Bacteroidetes","Bacteroidia","Bacteroidales",NA,NA,NA,NA,NA,NA,NA,NA,NA
"1040796","Bacteria","WPS-2",NA,NA,NA,NA,NA,NA,NA,NA,NA,NA,NA
"4480861","Bacteria","Firmicutes","Erysipelotrichi","Erysipelotrichales","Erysipelotrichaceae",NA,NA,NA,NA,NA,NA,NA,NA
"4425214","Bacteria","Firmicutes","Bacilli","Lactobacillales","Streptococcaceae",NA,NA,NA,NA,NA,NA,NA,NA
"4448331","Bacteria","Proteobacteria","Gammaproteobacteria","Enterobacteriales","Enterobacteriaceae",NA,NA,NA,NA,NA,NA,NA,NA
"4339774","Bacteria","Acidobacteria","Solibacteres","Solibacterales",NA,NA,NA,NA,NA,NA,NA,NA,NA
"620684","Bacteria","Proteobacteria","Alphaproteobacteria","Rhizobiales","Phyllobacteriaceae",NA,NA,NA,NA,NA,NA,NA,NA
"359872","Bacteria","Proteobacteria","Deltaproteobacteria","Desulfovibrionales","Desulfovibrionaceae",NA,NA,NA,NA,NA,NA,NA,NA
"269386","Bacteria","Cyanobacteria","4C0d-2","YS2",NA,NA,NA,NA,NA,NA,NA,NA,NA
"4396235","Bacteria","Proteobacteria","Betaproteobacteria","Neisseriales","Neisseriaceae",NA,NA,NA,NA,NA,NA,NA,NA
"320888","Bacteria","Firmicutes","Clostridia",NA,NA,NA,NA,NA,NA,NA,NA,NA,NA
"2755928","Bacteria","Cyanobacteria","Chloroplast","Chlorophyta","Trebouxiophyceae",NA,NA,NA,NA,NA,NA,NA,NA
"4295564","Bacteria","[Thermi]","Deinococci","Thermales","Thermaceae",NA,NA,NA,NA,NA,NA,NA,NA
"4426982","Bacteria","Proteobacteria","Betaproteobacteria","Burkholderiales","Burkholderiaceae",NA,NA,NA,NA,NA,NA,NA,NA
"4442093","Bacteria","Acidobacteria","Acidobacteria-6","iii1-15","mb2424",NA,NA,NA,NA,NA,NA,NA,NA
"912160","Bacteria","Proteobacteria","Deltaproteobacteria","Spirobacillales",NA,NA,NA,NA,NA,NA,NA,NA,NA
"246717","Bacteria","Proteobacteria","Epsilonproteobacteria","Campylobacterales","Campylobacteraceae",NA,NA,NA,NA,NA,NA,NA,NA
"4453609","Bacteria","Bacteroidetes","Bacteroidia","Bacteroidales","Rikenellaceae",NA,NA,NA,NA,NA,NA,NA,NA
"171372","Bacteria","Proteobacteria","Alphaproteobacteria","Rhodospirillales",NA,NA,NA,NA,NA,NA,NA,NA,NA
"131883","Bacteria","[Thermi]","Deinococci","Deinococcales","Deinococcaceae",NA,NA,NA,NA,NA,NA,NA,NA
"2300392","Bacteria","Proteobacteria","Alphaproteobacteria","Rhizobiales","Bradyrhizobiaceae",NA,NA,NA,NA,NA,NA,NA,NA
"1696853","Bacteria","Firmicutes","Bacilli","Lactobacillales","Carnobacteriaceae",NA,NA,NA,NA,NA,NA,NA,NA
"4402457","Bacteria","Firmicutes","Bacilli","Bacillales",NA,NA,NA,NA,NA,NA,NA,NA,NA
"4415689","Bacteria","Actinobacteria","Actinobacteria","Actinomycetales","Dermabacteraceae",NA,NA,NA,NA,NA,NA,NA,NA
"539735","Bacteria","Actinobacteria","Actinobacteria","Actinomycetales","Dietziaceae",NA,NA,NA,NA,NA,NA,NA,NA
"1119668","Bacteria","Proteobacteria","Alphaproteobacteria","Rhizobiales","Hyphomicrobiaceae",NA,NA,NA,NA,NA,NA,NA,NA
"4366310","Bacteria","Proteobacteria","Deltaproteobacteria","Myxococcales",NA,NA,NA,NA,NA,NA,NA,NA,NA
"588637","Bacteria","Proteobacteria","Gammaproteobacteria","Oceanospirillales","SUP05",NA,NA,NA,NA,NA,NA,NA,NA
"4402605","Bacteria","Firmicutes","Clostridia","Clostridiales","Christensenellaceae",NA,NA,NA,NA,NA,NA,NA,NA
"190032","Bacteria","Planctomycetes","Planctomycetia","Pirellulales","Pirellulaceae",NA,NA,NA,NA,NA,NA,NA,NA
"1127736","Bacteria","Actinobacteria","Actinobacteria","Actinomycetales","Gordoniaceae",NA,NA,NA,NA,NA,NA,NA,NA
"4387092","Bacteria","Fusobacteria","Fusobacteriia","Fusobacteriales","Fusobacteriaceae",NA,NA,NA,NA,NA,NA,NA,NA
"1105731","Bacteria","Proteobacteria","Alphaproteobacteria","Kiloniellales",NA,NA,NA,NA,NA,NA,NA,NA,NA
"151814","Bacteria","Proteobacteria","Deltaproteobacteria","Desulfobacterales","Desulfobulbaceae",NA,NA,NA,NA,NA,NA,NA,NA
"4457438","Bacteria","Firmicutes","Clostridia","Clostridiales","Lachnospiraceae",NA,NA,NA,NA,NA,NA,NA,NA
"4340498","Bacteria","Actinobacteria","Actinobacteria","Actinomycetales","Cellulomonadaceae",NA,NA,NA,NA,NA,NA,NA,NA
"1053321","Bacteria","Proteobacteria","Gammaproteobacteria","Pseudomonadales","Moraxellaceae",NA,NA,NA,NA,NA,NA,NA,NA
"4299497","Bacteria","Proteobacteria","Deltaproteobacteria","Myxococcales","Nannocystaceae",NA,NA,NA,NA,NA,NA,NA,NA
"4378239","Bacteria","Actinobacteria","Actinobacteria","Actinomycetales","Sanguibacteraceae",NA,NA,NA,NA,NA,NA,NA,NA
"816291","Bacteria","Actinobacteria","Thermoleophilia","Gaiellales","Gaiellaceae",NA,NA,NA,NA,NA,NA,NA,NA
"4417475","Bacteria","Proteobacteria","Alphaproteobacteria","Ellin329",NA,NA,NA,NA,NA,NA,NA,NA,NA
"4445692","Bacteria","Proteobacteria","Gammaproteobacteria","Aeromonadales","Aeromonadaceae",NA,NA,NA,NA,NA,NA,NA,NA
"239739","Bacteria","Actinobacteria","Actinobacteria","Actinomycetales","Nocardioidaceae",NA,NA,NA,NA,NA,NA,NA,NA
"849440","Archaea","Euryarchaeota","Methanobacteria","Methanobacteriales","Methanobacteriaceae",NA,NA,NA,NA,NA,NA,NA,NA
"4337664","Bacteria","Proteobacteria","Alphaproteobacteria","Sphingomonadales","Erythrobacteraceae",NA,NA,NA,NA,NA,NA,NA,NA
"4359590","Bacteria","Firmicutes","Bacilli","Lactobacillales","Enterococcaceae",NA,NA,NA,NA,NA,NA,NA,NA
"684858","Bacteria","Proteobacteria","Betaproteobacteria",NA,NA,NA,NA,NA,NA,NA,NA,NA,NA
"4428714","Bacteria","Tenericutes","Mollicutes","RF39",NA,NA,NA,NA,NA,NA,NA,NA,NA
"4345361","Bacteria","Acidobacteria","Sva0725","Sva0725",NA,NA,NA,NA,NA,NA,NA,NA,NA
"4410295","Bacteria","Proteobacteria","Betaproteobacteria","Methylophilales","Methylophilaceae",NA,NA,NA,NA,NA,NA,NA,NA
"946344","Bacteria","Actinobacteria","Thermoleophilia","Solirubrobacterales","Solirubrobacteraceae",NA,NA,NA,NA,NA,NA,NA,NA
"3893865","Bacteria","Proteobacteria","Betaproteobacteria","SBla14",NA,NA,NA,NA,NA,NA,NA,NA,NA
"4154872","Bacteria","Bacteroidetes","Flavobacteriia","Flavobacteriales","[Weeksellaceae]",NA,NA,NA,NA,NA,NA,NA,NA
"252667","Bacteria","Gemmatimonadetes","Gemm-5",NA,NA,NA,NA,NA,NA,NA,NA,NA,NA
"41476","Bacteria","Proteobacteria","Gammaproteobacteria","Oceanospirillales","Alcanivoracaceae",NA,NA,NA,NA,NA,NA,NA,NA
"115315","Bacteria","Actinobacteria","Actinobacteria","Actinomycetales","Yaniellaceae",NA,NA,NA,NA,NA,NA,NA,NA
"4349447","Bacteria","Proteobacteria","Gammaproteobacteria","Oceanospirillales","Halomonadaceae",NA,NA,NA,NA,NA,NA,NA,NA
"4340285","Bacteria","Acidobacteria","Acidobacteria-6","iii1-15",NA,NA,NA,NA,NA,NA,NA,NA,NA
"4481131","Bacteria","Firmicutes","Clostridia","Clostridiales","Ruminococcaceae",NA,NA,NA,NA,NA,NA,NA,NA
"177679","Bacteria","Bacteroidetes","Bacteroidia","Bacteroidales","S24-7",NA,NA,NA,NA,NA,NA,NA,NA
"153210","Bacteria","Proteobacteria","Alphaproteobacteria","BD7-3",NA,NA,NA,NA,NA,NA,NA,NA,NA
"505670","Bacteria","Firmicutes","Clostridia","Clostridiales","[Tissierellaceae]",NA,NA,NA,NA,NA,NA,NA,NA
"4481011","Bacteria","Actinobacteria","Actinobacteria","Actinomycetales","Sporichthyaceae",NA,NA,NA,NA,NA,NA,NA,NA
"4469032","Bacteria","Firmicutes","Bacilli","Lactobacillales",NA,NA,NA,NA,NA,NA,NA,NA,NA
"2510539","Bacteria","Firmicutes","Clostridia","Clostridiales","[Acidaminobacteraceae]",NA,NA,NA,NA,NA,NA,NA,NA
"710629","Bacteria","Chloroflexi","Chloroflexi","AKIW781",NA,NA,NA,NA,NA,NA,NA,NA,NA
"982266","Bacteria","Proteobacteria","Gammaproteobacteria","Alteromonadales","[Chromatiaceae]",NA,NA,NA,NA,NA,NA,NA,NA
"99322","Bacteria","Bacteroidetes","Sphingobacteriia","Sphingobacteriales","Sphingobacteriaceae",NA,NA,NA,NA,NA,NA,NA,NA
"4333669","Bacteria","Bacteroidetes","[Saprospirae]","[Saprospirales]","Chitinophagaceae",NA,NA,NA,NA,NA,NA,NA,NA
"4362620","Archaea","Crenarchaeota","Thaumarchaeota","Nitrososphaerales","Nitrososphaeraceae",NA,NA,NA,NA,NA,NA,NA,NA
"4480598","Bacteria","Firmicutes","Bacilli","Bacillales","[Exiguobacteraceae]",NA,NA,NA,NA,NA,NA,NA,NA
"4458619","Bacteria","Actinobacteria","Actinobacteria","Actinomycetales","Dermacoccaceae",NA,NA,NA,NA,NA,NA,NA,NA
"1117593","Bacteria","Proteobacteria","Betaproteobacteria","Burkholderiales","Comamonadaceae",NA,NA,NA,NA,NA,NA,NA,NA
"4423681","Bacteria","Gemmatimonadetes","Gemmatimonadetes","N1423WL",NA,NA,NA,NA,NA,NA,NA,NA,NA
"4303191","Bacteria","Proteobacteria","Alphaproteobacteria","Rhizobiales",NA,NA,NA,NA,NA,NA,NA,NA,NA
"4453535","Bacteria","Firmicutes","Bacilli","Gemellales","Gemellaceae",NA,NA,NA,NA,NA,NA,NA,NA
"4365130","Bacteria","Bacteroidetes","Bacteroidia","Bacteroidales","Porphyromonadaceae",NA,NA,NA,NA,NA,NA,NA,NA
"4340706","Bacteria","Acidobacteria","[Chloracidobacteria]","RB41","Ellin6075",NA,NA,NA,NA,NA,NA,NA,NA
"807632","Bacteria","Verrucomicrobia","Opitutae","Puniceicoccales","Puniceicoccaceae",NA,NA,NA,NA,NA,NA,NA,NA
"2211108","Bacteria","Proteobacteria","Alphaproteobacteria","Caulobacterales","Caulobacteraceae",NA,NA,NA,NA,NA,NA,NA,NA
"4417805","Bacteria","Bacteroidetes","Flavobacteriia","Flavobacteriales","Flavobacteriaceae",NA,NA,NA,NA,NA,NA,NA,NA
"2020091","Bacteria","Cyanobacteria","Chloroplast","Chlorophyta",NA,NA,NA,NA,NA,NA,NA,NA,NA
"163857","Bacteria","Proteobacteria","Gammaproteobacteria","Aeromonadales","Succinivibrionaceae",NA,NA,NA,NA,NA,NA,NA,NA
"940348","Bacteria","Actinobacteria","Thermoleophilia","Solirubrobacterales","Patulibacteraceae",NA,NA,NA,NA,NA,NA,NA,NA
"23652","Bacteria","Elusimicrobia","Elusimicrobia","Elusimicrobiales","Elusimicrobiaceae",NA,NA,NA,NA,NA,NA,NA,NA
"1058762","Bacteria","Actinobacteria","Actinobacteria","Actinomycetales","Microbacteriaceae",NA,NA,NA,NA,NA,NA,NA,NA
"4472239","Bacteria","Chlorobi","OPB56",NA,NA,NA,NA,NA,NA,NA,NA,NA,NA
"2836860","Bacteria","GN02","BD1-5",NA,NA,NA,NA,NA,NA,NA,NA,NA,NA
"1049961","Bacteria","Firmicutes","Bacilli","Bacillales","Thermoactinomycetaceae",NA,NA,NA,NA,NA,NA,NA,NA
"890516","Bacteria","Actinobacteria","Actinobacteria","Actinomycetales","Frankiaceae",NA,NA,NA,NA,NA,NA,NA,NA
"290686","Bacteria","Verrucomicrobia","Opitutae","[Cerasicoccales]","[Cerasicoccaceae]",NA,NA,NA,NA,NA,NA,NA,NA
"7821","Bacteria","Proteobacteria","Gammaproteobacteria","Xanthomonadales","Xanthomonadaceae",NA,NA,NA,NA,NA,NA,NA,NA
"4349553","Bacteria","Acidobacteria","Acidobacteria-6",NA,NA,NA,NA,NA,NA,NA,NA,NA,NA
"4430826","Bacteria","Fusobacteria","Fusobacteriia","Fusobacteriales","Leptotrichiaceae",NA,NA,NA,NA,NA,NA,NA,NA
"494971","Bacteria","Synergistetes","Synergistia","Synergistales","Dethiosulfovibrionaceae",NA,NA,NA,NA,NA,NA,NA,NA
"175844","Bacteria","Bacteroidetes","Bacteroidia","Bacteroidales","[Barnesiellaceae]",NA,NA,NA,NA,NA,NA,NA,NA
"4447394","Bacteria","Actinobacteria","Actinobacteria","Actinomycetales","Propionibacteriaceae",NA,NA,NA,NA,NA,NA,NA,NA
"3171078","Bacteria","Actinobacteria","Nitriliruptoria","Euzebyales","Euzebyaceae",NA,NA,NA,NA,NA,NA,NA,NA
"4463185","Bacteria","Actinobacteria","Actinobacteria","Actinomycetales","Streptomycetaceae",NA,NA,NA,NA,NA,NA,NA,NA
"4325659","Bacteria","Proteobacteria","Betaproteobacteria","ASSO-13",NA,NA,NA,NA,NA,NA,NA,NA,NA
"339685","Bacteria","Firmicutes","Clostridia","Clostridiales","Peptococcaceae",NA,NA,NA,NA,NA,NA,NA,NA
"7366","Bacteria","Proteobacteria","Betaproteobacteria","Burkholderiales","Oxalobacteraceae",NA,NA,NA,NA,NA,NA,NA,NA
"226240","Bacteria","Verrucomicrobia","Opitutae","Opitutales","Opitutaceae",NA,NA,NA,NA,NA,NA,NA,NA
"1118132","Bacteria","Proteobacteria","Gammaproteobacteria","34P16",NA,NA,NA,NA,NA,NA,NA,NA,NA
"4312075","Bacteria","Bacteroidetes","[Saprospirae]","[Saprospirales]","Saprospiraceae",NA,NA,NA,NA,NA,NA,NA,NA
"4451781","Bacteria","Proteobacteria","Gammaproteobacteria","Cardiobacteriales","Cardiobacteriaceae",NA,NA,NA,NA,NA,NA,NA,NA
"4431592","Bacteria","Firmicutes","Bacilli","Bacillales","Paenibacillaceae",NA,NA,NA,NA,NA,NA,NA,NA
"2941399","Bacteria","Synergistetes","Synergistia","Synergistales","Synergistaceae",NA,NA,NA,NA,NA,NA,NA,NA
"1130212","Bacteria","Verrucomicrobia","[Pedosphaerae]","Arctic97B-4",NA,NA,NA,NA,NA,NA,NA,NA,NA
"4392110","Bacteria","Proteobacteria","Gammaproteobacteria",NA,NA,NA,NA,NA,NA,NA,NA,NA,NA
"43373","Bacteria","Spirochaetes","[Brachyspirae]","[Brachyspirales]","Brachyspiraceae",NA,NA,NA,NA,NA,NA,NA,NA
"4435984","Bacteria","Actinobacteria","Actinobacteria","Actinomycetales","Nocardiaceae",NA,NA,NA,NA,NA,NA,NA,NA
"677165","Bacteria","Proteobacteria","Alphaproteobacteria","Rhizobiales","Methylobacteriaceae",NA,NA,NA,NA,NA,NA,NA,NA
"570623","Bacteria","Cyanobacteria","Oscillatoriophycideae","Chroococcales","Xenococcaceae",NA,NA,NA,NA,NA,NA,NA,NA
"675509","Bacteria","Proteobacteria","Epsilonproteobacteria","Campylobacterales","Helicobacteraceae",NA,NA,NA,NA,NA,NA,NA,NA
"248902","Bacteria","Firmicutes","Bacilli","Turicibacterales","Turicibacteraceae",NA,NA,NA,NA,NA,NA,NA,NA
"1123395","Bacteria","Actinobacteria","Actinobacteria","Actinomycetales","Promicromonosporaceae",NA,NA,NA,NA,NA,NA,NA,NA
"4414344","Bacteria","Proteobacteria","Gammaproteobacteria","Oceanospirillales","Oceanospirillaceae",NA,NA,NA,NA,NA,NA,NA,NA
"4423978","Bacteria","Proteobacteria","Alphaproteobacteria","Rhizobiales","Methylocystaceae",NA,NA,NA,NA,NA,NA,NA,NA
"4376318","Bacteria","Proteobacteria","Alphaproteobacteria","Rhodobacterales","Rhodobacteraceae",NA,NA,NA,NA,NA,NA,NA,NA
"4330545","Bacteria","Acidobacteria","[Chloracidobacteria]","RB41",NA,NA,NA,NA,NA,NA,NA,NA,NA
"4453316","Bacteria","Proteobacteria","Alphaproteobacteria","Rickettsiales","mitochondria",NA,NA,NA,NA,NA,NA,NA,NA
"4462888","Archaea","Euryarchaeota","Thermoplasmata","E2","Marine group II",NA,NA,NA,NA,NA,NA,NA,NA
"4468234","Bacteria","Bacteroidetes","Bacteroidia","Bacteroidales","Bacteroidaceae",NA,NA,NA,NA,NA,NA,NA,NA
"167052","Bacteria","Cyanobacteria","ML635J-21",NA,NA,NA,NA,NA,NA,NA,NA,NA,NA
"240451","Bacteria","Actinobacteria","Actinobacteria","Actinomycetales","Kineosporiaceae",NA,NA,NA,NA,NA,NA,NA,NA
"165118","Bacteria","Bacteroidetes","Bacteroidia","Bacteroidales","[Paraprevotellaceae]",NA,NA,NA,NA,NA,NA,NA,NA
"4376358","Bacteria","Proteobacteria","Deltaproteobacteria","Desulfuromonadales","Geobacteraceae",NA,NA,NA,NA,NA,NA,NA,NA
"542066","Bacteria","Actinobacteria","Actinobacteria","Actinomycetales",NA,NA,NA,NA,NA,NA,NA,NA,NA
"1071450","Bacteria","Proteobacteria","Gammaproteobacteria","Pseudomonadales","Pseudomonadaceae",NA,NA,NA,NA,NA,NA,NA,NA
"4032624","Bacteria","Verrucomicrobia","[Pedosphaerae]","[Pedosphaerales]","auto67_4W",NA,NA,NA,NA,NA,NA,NA,NA
"4472420","Bacteria","Firmicutes","Bacilli","Bacillales","Sporolactobacillaceae",NA,NA,NA,NA,NA,NA,NA,NA
"4457245","Bacteria","Firmicutes","Clostridia","Thermoanaerobacterales","Thermoanaerobacteraceae",NA,NA,NA,NA,NA,NA,NA,NA
"212239","Bacteria","Acidobacteria","Acidobacteriia","Acidobacteriales","Acidobacteriaceae",NA,NA,NA,NA,NA,NA,NA,NA
"654665","Bacteria","Proteobacteria","Deltaproteobacteria","Desulfovibrionales","Desulfomicrobiaceae",NA,NA,NA,NA,NA,NA,NA,NA
"886735","Bacteria","Firmicutes","Bacilli","Lactobacillales","Aerococcaceae",NA,NA,NA,NA,NA,NA,NA,NA
"1016369","Bacteria","Firmicutes","Bacilli","Bacillales","Listeriaceae",NA,NA,NA,NA,NA,NA,NA,NA
"29012","Archaea","Euryarchaeota","Methanomicrobia","Methanosarcinales","Methanosarcinaceae",NA,NA,NA,NA,NA,NA,NA,NA
"264791","Bacteria","Actinobacteria","Actinobacteria","Actinomycetales","Mycobacteriaceae",NA,NA,NA,NA,NA,NA,NA,NA
"4446058","Bacteria","Firmicutes","Bacilli","Bacillales","Planococcaceae",NA,NA,NA,NA,NA,NA,NA,NA
"4420570","Bacteria","Cyanobacteria","Chloroplast","Streptophyta",NA,NA,NA,NA,NA,NA,NA,NA,NA
"715138","Bacteria","TM7",NA,NA,NA,NA,NA,NA,NA,NA,NA,NA,NA
"647864","Bacteria","Proteobacteria","Alphaproteobacteria","Sphingomonadales",NA,NA,NA,NA,NA,NA,NA,NA,NA
"140201","Bacteria","Cyanobacteria","Chloroplast","CAB-I",NA,NA,NA,NA,NA,NA,NA,NA,NA
"4402903","Bacteria","Firmicutes","Clostridia","Clostridiales",NA,NA,NA,NA,NA,NA,NA,NA,NA
"4329575","Bacteria","Lentisphaerae","[Lentisphaeria]","Victivallales","Victivallaceae",NA,NA,NA,NA,NA,NA,NA,NA
"952003","Bacteria","Actinobacteria","Actinobacteria","Actinomycetales","Micrococcaceae",NA,NA,NA,NA,NA,NA,NA,NA
"4299136","Bacteria","TM7","TM7-3","CW040","F16",NA,NA,NA,NA,NA,NA,NA,NA
"882616","Bacteria","Proteobacteria","Alphaproteobacteria","Rhodospirillales","Acetobacteraceae",NA,NA,NA,NA,NA,NA,NA,NA
"708851","Bacteria","Cyanobacteria","Chloroplast","Cryptophyta",NA,NA,NA,NA,NA,NA,NA,NA,NA
"607810","Bacteria","Fusobacteria","Fusobacteriia","Fusobacteriales",NA,NA,NA,NA,NA,NA,NA,NA,NA
"86452","Bacteria","Proteobacteria","Alphaproteobacteria","Rhizobiales","Xanthobacteraceae",NA,NA,NA,NA,NA,NA,NA,NA
"2986479","Bacteria","Cyanobacteria","Chloroplast","Stramenopiles",NA,NA,NA,NA,NA,NA,NA,NA,NA
"4322321","Bacteria","Cyanobacteria","Oscillatoriophycideae","Oscillatoriales","Phormidiaceae",NA,NA,NA,NA,NA,NA,NA,NA
"4325003","Bacteria","Cyanobacteria","Synechococcophycideae","Synechococcales","Synechococcaceae",NA,NA,NA,NA,NA,NA,NA,NA
"85407","Bacteria","Actinobacteria","Actinobacteria","Actinomycetales","Micromonosporaceae",NA,NA,NA,NA,NA,NA,NA,NA
"3372085","Bacteria","Cyanobacteria","Chloroplast","Haptophyceae",NA,NA,NA,NA,NA,NA,NA,NA,NA
"4330849","Bacteria","SR1",NA,NA,NA,NA,NA,NA,NA,NA,NA,NA,NA
"13332","Bacteria","Actinobacteria","Actinobacteria","Actinomycetales","Williamsiaceae",NA,NA,NA,NA,NA,NA,NA,NA
"4435518","Bacteria","Actinobacteria","Actinobacteria","Actinomycetales","Pseudonocardiaceae",NA,NA,NA,NA,NA,NA,NA,NA
"15257","Bacteria","Proteobacteria","Gammaproteobacteria","Alteromonadales","Colwelliaceae",NA,NA,NA,NA,NA,NA,NA,NA
"581056","Bacteria","Proteobacteria","Betaproteobacteria","Nitrosomonadales","Nitrosomonadaceae",NA,NA,NA,NA,NA,NA,NA,NA
"4471067","Bacteria","Proteobacteria","Alphaproteobacteria","Rhizobiales","Rhizobiaceae",NA,NA,NA,NA,NA,NA,NA,NA
"1106498","Bacteria","Nitrospirae","Nitrospira","Nitrospirales","Nitrospiraceae",NA,NA,NA,NA,NA,NA,NA,NA
"1145388","Bacteria","Chloroflexi","Gitt-GS-136",NA,NA,NA,NA,NA,NA,NA,NA,NA,NA
"262857","Bacteria","Firmicutes","Bacilli","Bacillales","Staphylococcaceae",NA,NA,NA,NA,NA,NA,NA,NA
"4477696","Bacteria","Proteobacteria","Gammaproteobacteria","Pasteurellales","Pasteurellaceae",NA,NA,NA,NA,NA,NA,NA,NA
"4388385","Bacteria","Proteobacteria","Alphaproteobacteria","Rhizobiales","Brucellaceae",NA,NA,NA,NA,NA,NA,NA,NA
"73760","Bacteria","Proteobacteria","Betaproteobacteria","MKC10",NA,NA,NA,NA,NA,NA,NA,NA,NA
"4481613","Bacteria","Actinobacteria","Coriobacteriia","Coriobacteriales","Coriobacteriaceae",NA,NA,NA,NA,NA,NA,NA,NA
"801268","Bacteria","Planctomycetes","Planctomycetia","Gemmatales","Isosphaeraceae",NA,NA,NA,NA,NA,NA,NA,NA
"91842","Bacteria","Chloroflexi","Anaerolineae","Anaerolineales","Anaerolinaceae",NA,NA,NA,NA,NA,NA,NA,NA
"4365684","Bacteria","TM7","TM7-3","CW040",NA,NA,NA,NA,NA,NA,NA,NA,NA
"167511","Bacteria","Proteobacteria","Deltaproteobacteria","Bdellovibrionales","Bdellovibrionaceae",NA,NA,NA,NA,NA,NA,NA,NA
"1148005","Bacteria","Proteobacteria","Betaproteobacteria","Ellin6067",NA,NA,NA,NA,NA,NA,NA,NA,NA
"1145893","Bacteria","Bacteroidetes","Cytophagia","Cytophagales","Cyclobacteriaceae",NA,NA,NA,NA,NA,NA,NA,NA
"922239","Bacteria","Firmicutes","Bacilli","Gemellales",NA,NA,NA,NA,NA,NA,NA,NA,NA
"3805726","Bacteria","Firmicutes","Clostridia","Clostridiales","[Mogibacteriaceae]",NA,NA,NA,NA,NA,NA,NA,NA
"325850","Bacteria","Proteobacteria","Alphaproteobacteria","RF32",NA,NA,NA,NA,NA,NA,NA,NA,NA
"4417202","Bacteria","Proteobacteria","Gammaproteobacteria","[Marinicellales]","[Marinicellaceae]",NA,NA,NA,NA,NA,NA,NA,NA
"185410","Bacteria","Cyanobacteria","Nostocophycideae","Stigonematales","Rivulariaceae",NA,NA,NA,NA,NA,NA,NA,NA
"228045","Bacteria","Bacteroidetes","Bacteroidia","Bacteroidales","Marinilabiaceae",NA,NA,NA,NA,NA,NA,NA,NA
"992428","Bacteria","Verrucomicrobia","[Pedosphaerae]","[Pedosphaerales]","Ellin517",NA,NA,NA,NA,NA,NA,NA,NA
"1111551","Bacteria","Proteobacteria","Alphaproteobacteria","Rhizobiales","Beijerinckiaceae",NA,NA,NA,NA,NA,NA,NA,NA
"4442448","Bacteria","Bacteroidetes","[Rhodothermi]","[Rhodothermales]","Rhodothermaceae",NA,NA,NA,NA,NA,NA,NA,NA
"974116","Bacteria","Proteobacteria","Gammaproteobacteria","Legionellales","Legionellaceae",NA,NA,NA,NA,NA,NA,NA,NA
"1105341","Bacteria","Bacteroidetes","Cytophagia","Cytophagales","Flammeovirgaceae",NA,NA,NA,NA,NA,NA,NA,NA
"871230","Bacteria","Actinobacteria","Thermoleophilia","Gaiellales","AK1AB1_02E",NA,NA,NA,NA,NA,NA,NA,NA
"984895","Bacteria","Gemmatimonadetes","Gemmatimonadetes","Gemmatimonadales","Ellin5301",NA,NA,NA,NA,NA,NA,NA,NA
"237976","Bacteria","Proteobacteria","Gammaproteobacteria","Legionellales","Coxiellaceae",NA,NA,NA,NA,NA,NA,NA,NA
"4470278","Bacteria","Actinobacteria","Acidimicrobiia","Acidimicrobiales","OCS155",NA,NA,NA,NA,NA,NA,NA,NA
"238800","Bacteria","Actinobacteria","Actinobacteria","Micrococcales",NA,NA,NA,NA,NA,NA,NA,NA,NA
"1137219","Bacteria","Proteobacteria","Deltaproteobacteria","[Entotheonellales]","[Entotheonellaceae]",NA,NA,NA,NA,NA,NA,NA,NA
"591314","Bacteria","Tenericutes","Mollicutes","Entomoplasmatales","Entomoplasmataceae",NA,NA,NA,NA,NA,NA,NA,NA
"2910","Bacteria","Planctomycetes","OM190","agg27",NA,NA,NA,NA,NA,NA,NA,NA,NA
"235311","Bacteria","Proteobacteria","Gammaproteobacteria","Alteromonadales","HTCC2188",NA,NA,NA,NA,NA,NA,NA,NA
"119242","Bacteria","Bacteroidetes","Flavobacteriia","Flavobacteriales","Cryomorphaceae",NA,NA,NA,NA,NA,NA,NA,NA
"1129626","Bacteria","Proteobacteria","Gammaproteobacteria","Oceanospirillales",NA,NA,NA,NA,NA,NA,NA,NA,NA
"110549","Bacteria","Proteobacteria","Gammaproteobacteria","Alteromonadales",NA,NA,NA,NA,NA,NA,NA,NA,NA
"1127928","Bacteria","Proteobacteria","Gammaproteobacteria","Oceanospirillales","Hahellaceae",NA,NA,NA,NA,NA,NA,NA,NA
"3897233","Bacteria","Chloroflexi","Anaerolineae","Caldilineales","Caldilineaceae",NA,NA,NA,NA,NA,NA,NA,NA
"565240","Bacteria","Actinobacteria","Acidimicrobiia","Acidimicrobiales","AKIW874",NA,NA,NA,NA,NA,NA,NA,NA
"2834426","Bacteria","Acidobacteria","iii1-8","DS-18",NA,NA,NA,NA,NA,NA,NA,NA,NA
"104694","Bacteria","Aquificae","Aquificae","Aquificales","Aquificaceae",NA,NA,NA,NA,NA,NA,NA,NA
"222843","Bacteria","Acidobacteria","Solibacteres","Solibacterales","Solibacteraceae",NA,NA,NA,NA,NA,NA,NA,NA
"1113764","Bacteria","Gemmatimonadetes","Gemm-3",NA,NA,NA,NA,NA,NA,NA,NA,NA,NA
"553501","Bacteria","Proteobacteria","Alphaproteobacteria","Rickettsiales",NA,NA,NA,NA,NA,NA,NA,NA,NA
"934094","Bacteria","FBP",NA,NA,NA,NA,NA,NA,NA,NA,NA,NA,NA
"813173","Bacteria","Planctomycetes","OM190","CL500-15",NA,NA,NA,NA,NA,NA,NA,NA,NA
"1130318","Bacteria","Actinobacteria","Actinobacteria","Actinomycetales","Streptosporangiaceae",NA,NA,NA,NA,NA,NA,NA,NA
"151012","Bacteria","Actinobacteria","Rubrobacteria","Rubrobacterales","Rubrobacteraceae",NA,NA,NA,NA,NA,NA,NA,NA
"4311516","Bacteria","Actinobacteria","MB-A2-108","0319-7L14",NA,NA,NA,NA,NA,NA,NA,NA,NA
"649229","Bacteria","Bacteroidetes","Sphingobacteriia","Sphingobacteriales",NA,NA,NA,NA,NA,NA,NA,NA,NA
"15696","Bacteria","Tenericutes","Mollicutes","Acholeplasmatales","Acholeplasmataceae",NA,NA,NA,NA,NA,NA,NA,NA
"571700","Bacteria","Chloroflexi","S085",NA,NA,NA,NA,NA,NA,NA,NA,NA,NA
"806026","Bacteria","Gemmatimonadetes","Gemmatimonadetes",NA,NA,NA,NA,NA,NA,NA,NA,NA,NA
"1126159","Bacteria","Proteobacteria","Betaproteobacteria","Gallionellales","Gallionellaceae",NA,NA,NA,NA,NA,NA,NA,NA
"925200","Bacteria","Actinobacteria","Thermoleophilia","Solirubrobacterales","Conexibacteraceae",NA,NA,NA,NA,NA,NA,NA,NA
"200278","Bacteria","Proteobacteria","Deltaproteobacteria","Myxococcales","Myxococcaceae",NA,NA,NA,NA,NA,NA,NA,NA
"547148","Bacteria","Gemmatimonadetes","Gemm-1",NA,NA,NA,NA,NA,NA,NA,NA,NA,NA
"701989","Bacteria","Actinobacteria","Acidimicrobiia","Acidimicrobiales","Iamiaceae",NA,NA,NA,NA,NA,NA,NA,NA
"4301046","Bacteria","Planctomycetes","Planctomycetia","Planctomycetales","Planctomycetaceae",NA,NA,NA,NA,NA,NA,NA,NA
"279355","Bacteria","Planctomycetes","Planctomycetia","Gemmatales","Gemmataceae",NA,NA,NA,NA,NA,NA,NA,NA
"4439195","Bacteria","Cyanobacteria","Synechococcophycideae","Pseudanabaenales","Pseudanabaenaceae",NA,NA,NA,NA,NA,NA,NA,NA
"4051676","Bacteria","Proteobacteria","Betaproteobacteria","SC-I-84",NA,NA,NA,NA,NA,NA,NA,NA,NA
"4393102","Bacteria","Gemmatimonadetes","Gemmatimonadetes","KD8-87",NA,NA,NA,NA,NA,NA,NA,NA,NA
"694262","Bacteria","Acidobacteria","Acidobacteria-5",NA,NA,NA,NA,NA,NA,NA,NA,NA,NA
"1105827","Bacteria","Proteobacteria","Deltaproteobacteria","Desulfobacterales","Desulfobacteraceae",NA,NA,NA,NA,NA,NA,NA,NA
"4475865","Bacteria","Firmicutes","Clostridia","Clostridiales","SBYG_4172",NA,NA,NA,NA,NA,NA,NA,NA
"1116937","Bacteria","Verrucomicrobia","[Pedosphaerae]","[Pedosphaerales]",NA,NA,NA,NA,NA,NA,NA,NA,NA
"823950","Bacteria","Proteobacteria","Gammaproteobacteria","Oceanospirillales","Oleiphilaceae",NA,NA,NA,NA,NA,NA,NA,NA
"3863098","Bacteria","Proteobacteria","Gammaproteobacteria","Xanthomonadales","Sinobacteraceae",NA,NA,NA,NA,NA,NA,NA,NA
"826498","Bacteria","Cyanobacteria","Chloroplast","Cercozoa",NA,NA,NA,NA,NA,NA,NA,NA,NA
"4466603","Bacteria","Proteobacteria","Deltaproteobacteria","Syntrophobacterales","Syntrophobacteraceae",NA,NA,NA,NA,NA,NA,NA,NA
"809997","Bacteria","Cyanobacteria","Oscillatoriophycideae","Chroococcales",NA,NA,NA,NA,NA,NA,NA,NA,NA
"2631","Bacteria","Bacteroidetes",NA,NA,NA,NA,NA,NA,NA,NA,NA,NA,NA
"1112867","Bacteria","Bacteroidetes","Flavobacteriia","Flavobacteriales",NA,NA,NA,NA,NA,NA,NA,NA,NA
"2618782","Bacteria","Chloroflexi","TK10","AKYG885","Dolo_23",NA,NA,NA,NA,NA,NA,NA,NA
"1013060","Bacteria","Actinobacteria","Acidimicrobiia","Acidimicrobiales","EB1017",NA,NA,NA,NA,NA,NA,NA,NA
"751104","Bacteria","Proteobacteria","Deltaproteobacteria","GMD14H09",NA,NA,NA,NA,NA,NA,NA,NA,NA
"157266","Bacteria","Proteobacteria","Gammaproteobacteria","Chromatiales","Ectothiorhodospiraceae",NA,NA,NA,NA,NA,NA,NA,NA
"4458015","Bacteria","Actinobacteria","Actinobacteria","Actinomycetales","Thermomonosporaceae",NA,NA,NA,NA,NA,NA,NA,NA
"1017021","Bacteria","Proteobacteria","TA18","PHOS-HD29",NA,NA,NA,NA,NA,NA,NA,NA,NA
"512382","Bacteria","Acidobacteria","Acidobacteriia","Acidobacteriales","Koribacteraceae",NA,NA,NA,NA,NA,NA,NA,NA
"329490","Bacteria","Actinobacteria","Actinobacteria","Actinomycetales","Actinosynnemataceae",NA,NA,NA,NA,NA,NA,NA,NA
"65684","Bacteria","Chloroflexi","SAR202",NA,NA,NA,NA,NA,NA,NA,NA,NA,NA
"1117349","Bacteria","Chloroflexi","C0119",NA,NA,NA,NA,NA,NA,NA,NA,NA,NA
"3094","Bacteria","Cyanobacteria",NA,NA,NA,NA,NA,NA,NA,NA,NA,NA,NA
"947849","Bacteria","Bacteroidetes","Cytophagia","Cytophagales",NA,NA,NA,NA,NA,NA,NA,NA,NA
"574371","Bacteria","Proteobacteria","Gammaproteobacteria","Alteromonadales","OM60",NA,NA,NA,NA,NA,NA,NA,NA
"1683832","Bacteria","Proteobacteria","Deltaproteobacteria","Myxococcales","OM27",NA,NA,NA,NA,NA,NA,NA,NA
"71278","Bacteria","Proteobacteria","Gammaproteobacteria","Chromatiales","Chromatiaceae",NA,NA,NA,NA,NA,NA,NA,NA
"4353038","Bacteria","Proteobacteria","Gammaproteobacteria","Methylococcales","Crenotrichaceae",NA,NA,NA,NA,NA,NA,NA,NA
"4422320","Bacteria","TM6","SJA-4",NA,NA,NA,NA,NA,NA,NA,NA,NA,NA
"4357083","Bacteria","Spirochaetes","Spirochaetes",NA,NA,NA,NA,NA,NA,NA,NA,NA,NA
"3322007","Bacteria","Chlamydiae",NA,NA,NA,NA,NA,NA,NA,NA,NA,NA,NA
"166170","Bacteria","Chloroflexi","Anaerolineae","GCA004",NA,NA,NA,NA,NA,NA,NA,NA,NA
"537115","Bacteria","Verrucomicrobia","[Pedosphaerae]","[Pedosphaerales]","Ellin515",NA,NA,NA,NA,NA,NA,NA,NA
"1758194","Bacteria","Acidobacteria","TM1",NA,NA,NA,NA,NA,NA,NA,NA,NA,NA
"4461034","Bacteria","Proteobacteria","Deltaproteobacteria","BPC076",NA,NA,NA,NA,NA,NA,NA,NA,NA
"551139","Bacteria","Proteobacteria","Betaproteobacteria","MND1",NA,NA,NA,NA,NA,NA,NA,NA,NA
"148861","Bacteria","Acidobacteria","RB25",NA,NA,NA,NA,NA,NA,NA,NA,NA,NA
"138184","Bacteria","Acidobacteria","Solibacteres","Solibacterales","AKIW659",NA,NA,NA,NA,NA,NA,NA,NA
"1109402","Bacteria","Bacteroidetes","[Saprospirae]","[Saprospirales]",NA,NA,NA,NA,NA,NA,NA,NA,NA
"765406","Bacteria","Verrucomicrobia","Opitutae",NA,NA,NA,NA,NA,NA,NA,NA,NA,NA
"113293","Bacteria","Gemmatimonadetes","Gemmatimonadetes","C114",NA,NA,NA,NA,NA,NA,NA,NA,NA
"3726190","Bacteria","Proteobacteria","Gammaproteobacteria","Thiotrichales","Piscirickettsiaceae",NA,NA,NA,NA,NA,NA,NA,NA
"554409","Bacteria","Tenericutes","CK-1C4-19",NA,NA,NA,NA,NA,NA,NA,NA,NA,NA
"4306353","Bacteria","Actinobacteria","Nitriliruptoria","Nitriliruptorales","Nitriliruptoraceae",NA,NA,NA,NA,NA,NA,NA,NA
"805613","Bacteria","Proteobacteria","Gammaproteobacteria","HOC36",NA,NA,NA,NA,NA,NA,NA,NA,NA
"7722","Bacteria","Proteobacteria","Gammaproteobacteria","Legionellales","Francisellaceae",NA,NA,NA,NA,NA,NA,NA,NA
"150235","Bacteria","Proteobacteria","Betaproteobacteria","Thiobacterales",NA,NA,NA,NA,NA,NA,NA,NA,NA
"871009","Bacteria","Proteobacteria","Deltaproteobacteria","FAC87",NA,NA,NA,NA,NA,NA,NA,NA,NA
"1108144","Bacteria","Proteobacteria","Gammaproteobacteria","Chromatiales",NA,NA,NA,NA,NA,NA,NA,NA,NA
"178506","Bacteria","Chloroflexi","Ktedonobacteria","JG30-KF-AS9",NA,NA,NA,NA,NA,NA,NA,NA,NA
"4461472","Bacteria","Proteobacteria","Deltaproteobacteria","Desulfuromonadales","Desulfuromonadaceae",NA,NA,NA,NA,NA,NA,NA,NA
"343315","Bacteria","Verrucomicrobia","Verruco-5","R76-B128",NA,NA,NA,NA,NA,NA,NA,NA,NA
"233689","Bacteria","Proteobacteria","Deltaproteobacteria","PB19",NA,NA,NA,NA,NA,NA,NA,NA,NA
"810653","Bacteria","Actinobacteria","OPB41",NA,NA,NA,NA,NA,NA,NA,NA,NA,NA
"4344153","Bacteria","Cyanobacteria","Oscillatoriophycideae","Chroococcales","Cyanobacteriaceae",NA,NA,NA,NA,NA,NA,NA,NA
"4390852","Bacteria","Actinobacteria","Actinobacteria","Actinomycetales","Glycomycetaceae",NA,NA,NA,NA,NA,NA,NA,NA
"250032","Bacteria","Gemmatimonadetes",NA,NA,NA,NA,NA,NA,NA,NA,NA,NA,NA
"144663","Bacteria","Planctomycetes","vadinHA49","PeHg47",NA,NA,NA,NA,NA,NA,NA,NA,NA
